               epoch,      train/box_loss,      train/obj_loss,      train/cls_loss,   metrics/precision,      metrics/recall,     metrics/mAP_0.5,metrics/mAP_0.5:0.95,        val/box_loss,        val/obj_loss,        val/cls_loss,               x/lr0,               x/lr1,               x/lr2, metrics/crazing_mAP,metrics/inclusion_mAP, metrics/patches_mAP,metrics/pitted_surface_mAP,metrics/rolled-in_scale_mAP,metrics/scratches_mAP,metrics/crazing_mAP_50,metrics/inclusion_mAP_50,metrics/patches_mAP_50,metrics/pitted_surface_mAP_50,metrics/rolled-in_scale_mAP_50,metrics/scratches_mAP_50
                   0,            0.092628,            0.039821,            0.049779,           0.0048308,             0.49933,            0.027605,           0.0075906,            0.060352,            0.021011,             0.03956,            0.070375,           0.0032917,           0.0032917,             0.02145,          0.00041988,            0.020853,           0.0010792,             0.00148,          0.00026232,             0.07798,           0.0013861,            0.076258,           0.0033802,           0.0054817,           0.0011458
                   1,            0.064378,            0.042445,            0.031794,             0.04465,             0.11625,             0.04957,            0.013659,            0.058709,            0.019605,            0.031652,            0.040047,           0.0062971,           0.0062971,            0.004789,             0.01913,            0.040482,           0.0054497,           0.0035729,           0.0085307,            0.024802,            0.065005,             0.14618,            0.024827,            0.010662,            0.025946
                   2,            0.058447,            0.036299,            0.016459,             0.18352,             0.32557,             0.18346,            0.061674,            0.049442,            0.017552,            0.017343,           0.0093891,           0.0089725,           0.0089725,           0.0056164,             0.08535,             0.15902,            0.064108,            0.032721,            0.023226,            0.023987,             0.25309,             0.36532,             0.27681,             0.10077,            0.080791
                   3,            0.055344,            0.035328,           0.0093909,              0.3918,             0.34113,             0.28765,             0.11832,            0.044753,            0.016764,            0.021755,            0.008515,            0.008515,            0.008515,             0.04679,             0.17509,             0.25941,             0.14318,            0.036151,            0.049294,             0.14775,             0.42021,             0.59901,             0.28903,             0.13015,             0.13973
                   4,            0.051497,            0.034565,           0.0076864,             0.51719,             0.37239,               0.399,             0.17325,            0.037522,            0.017113,           0.0098579,            0.008515,            0.008515,            0.008515,            0.089183,             0.21758,             0.41248,             0.10025,            0.071251,             0.14877,             0.27602,             0.52436,             0.78822,             0.24821,             0.19305,             0.36415
                   5,            0.049104,            0.033267,           0.0064571,             0.54224,             0.38484,             0.37459,              0.1559,            0.039615,            0.016825,            0.015574,             0.00802,             0.00802,             0.00802,            0.026635,             0.15954,             0.40783,              0.1284,             0.08378,             0.12918,             0.10946,             0.38789,             0.77495,             0.31856,             0.24889,             0.40777
                   6,            0.046688,            0.034584,           0.0062145,             0.54399,             0.36551,             0.38416,             0.17472,            0.038118,            0.016993,            0.013583,            0.007525,            0.007525,            0.007525,            0.022965,              0.2826,             0.40186,            0.056859,            0.090942,             0.19308,            0.077275,             0.58881,             0.71102,             0.17105,             0.22537,             0.53145
                   7,            0.044884,            0.034707,           0.0042841,             0.49597,             0.53478,               0.515,             0.22215,            0.035914,            0.015415,            0.007537,             0.00703,             0.00703,             0.00703,             0.12026,             0.26798,             0.42203,             0.13316,             0.17665,             0.21282,             0.38279,             0.54508,             0.80772,             0.36906,             0.40535,             0.58001
                   8,            0.043463,             0.03435,           0.0043769,             0.49275,              0.5775,             0.57023,             0.23956,            0.035815,            0.015224,           0.0075742,            0.006535,            0.006535,            0.006535,             0.12686,             0.20103,             0.44132,             0.24484,             0.18503,             0.23826,             0.40585,             0.58396,              0.8172,             0.55533,             0.52443,             0.53463
                   9,            0.043147,            0.033473,            0.004228,               0.456,              0.6034,             0.55091,             0.24338,            0.035605,            0.015764,           0.0052629,             0.00604,             0.00604,             0.00604,             0.11336,              0.3483,             0.43463,             0.23226,             0.10845,              0.2233,             0.37015,             0.72676,             0.84469,             0.52338,             0.29785,             0.54265
                  10,            0.041639,            0.034773,           0.0039489,             0.52476,             0.58285,             0.58828,             0.28017,            0.032476,            0.014886,           0.0028438,            0.005545,            0.005545,            0.005545,            0.073485,             0.38741,             0.52071,             0.30487,             0.11924,              0.2753,             0.24198,             0.79554,              0.8981,             0.67225,             0.31764,             0.60416
                  11,            0.040572,            0.033335,           0.0034077,             0.55105,             0.61829,             0.62715,             0.29229,             0.03131,            0.014964,           0.0035774,             0.00505,             0.00505,             0.00505,             0.14354,             0.36283,             0.48237,             0.28439,             0.16835,             0.31228,             0.40187,             0.77895,             0.86115,             0.58736,             0.43502,             0.69852
                  12,            0.039615,            0.032547,           0.0031695,             0.52567,             0.55146,             0.61175,             0.28492,            0.032807,            0.015076,            0.003658,            0.004555,            0.004555,            0.004555,             0.10746,             0.34137,             0.48723,             0.35018,              0.1421,             0.28117,             0.30266,             0.74064,             0.89011,             0.74724,             0.37184,             0.61799
                  13,            0.039032,             0.03334,           0.0036282,             0.54553,             0.58619,             0.58516,             0.27236,            0.033479,            0.015304,           0.0084037,             0.00406,             0.00406,             0.00406,             0.13405,             0.28048,             0.53014,             0.32393,             0.13876,             0.22678,             0.38578,             0.66345,             0.89795,             0.67177,             0.34079,             0.55124
                  14,            0.038547,            0.033112,            0.003036,             0.41985,             0.54285,             0.48803,             0.23079,            0.033388,            0.015115,           0.0098532,            0.003565,            0.003565,            0.003565,            0.045494,             0.35002,             0.48971,             0.12146,             0.19442,             0.18363,             0.17207,             0.66897,             0.86971,             0.30366,             0.47066,             0.44314
                  15,            0.037174,            0.032645,           0.0025132,             0.53427,              0.6266,             0.62097,             0.30482,            0.030428,             0.01461,           0.0020636,             0.00307,             0.00307,             0.00307,             0.12196,             0.40237,             0.53442,             0.28638,             0.21659,             0.26718,             0.36564,             0.78225,             0.89528,             0.61156,             0.50509,             0.56597
                  16,            0.037353,             0.03202,            0.002761,              0.5733,             0.64919,             0.66897,             0.32492,            0.028629,            0.014424,           0.0017155,            0.002575,            0.002575,            0.002575,             0.15486,             0.40852,             0.53855,             0.35039,             0.21383,             0.28335,             0.43022,             0.81487,             0.90163,             0.77132,             0.50794,             0.58785
                  17,            0.036529,            0.032172,           0.0030004,             0.62883,             0.69133,             0.70024,             0.35353,            0.028578,            0.014284,           0.0019629,             0.00208,             0.00208,             0.00208,             0.17208,             0.43164,             0.56597,             0.39802,             0.24163,             0.31182,             0.47883,             0.82838,             0.89803,             0.77953,              0.5486,             0.66808
                  18,            0.034649,            0.031947,           0.0024785,             0.61267,             0.65236,              0.6799,             0.34391,            0.028922,            0.014247,           0.0015586,            0.001585,            0.001585,            0.001585,             0.16004,             0.43266,             0.54458,             0.38355,             0.21908,             0.32354,             0.42803,             0.83903,              0.9135,             0.76232,             0.49938,             0.63716
                  19,            0.034372,            0.031542,           0.0015665,             0.60106,             0.65295,             0.68789,             0.34643,            0.028765,            0.014224,           0.0013631,             0.00109,             0.00109,             0.00109,             0.17408,             0.42576,             0.54522,             0.38666,             0.24241,             0.30444,             0.46312,              0.8218,              0.9149,             0.79634,             0.52116,             0.61002
